{
    "cand_form": "C6H6N2O",
    "cand_ion": "[M+H]+",
    "output_tbl": {
        "mz": [
            78.0329,
            80.0485,
            96.045
        ],
        "ms2_inten": [
            1.0,
            0.9354143466934853,
            0.8897565210026093
        ],
        "mono_mass": [
            78.033825548,
            80.049475612,
            96.044390232
        ],
        "abs_mass_diff": [
            0.0009255479999978888,
            0.0009756119999906332,
            0.0006097680000038963
        ],
        "mass_diff": [
            4.627739999989444,
            4.878059999953166,
            3.0488400000194815
        ],
        "formula": [
            "C5H3N",
            "C5H5N",
            "C5H5NO"
        ],
        "ions": [
            "[M+H]+",
            "[M+H]+",
            "[M+H]+"
        ]
    }
}