{
    "cand_form": "C9H18N2O4",
    "cand_ion": "[M+H]+",
    "output_tbl": {
        "mz": [
            74.0596,
            72.0809,
            84.0805
        ],
        "ms2_inten": [
            1.0,
            0.8348471099367218,
            0.7587869106393281
        ],
        "mono_mass": [
            74.060040296,
            72.08077573999999,
            84.08077573999999
        ],
        "abs_mass_diff": [
            0.0004402959999936229,
            0.00012426000000687054,
            0.0002757399999921972
        ],
        "mass_diff": [
            2.2014799999681145,
            0.6213000000343527,
            1.3786999999609861
        ],
        "formula": [
            "C3H7NO",
            "C4H9N",
            "C5H9N"
        ],
        "ions": [
            "[M+H]+",
            "[M+H]+",
            "[M+H]+"
        ]
    }
}