{
    "cand_form": "C7H7NO3",
    "cand_ion": "[M+H]+",
    "output_tbl": {
        "mz": [
            80.0495,
            108.0442,
            136.0389,
            92.0493,
            75.0228,
            81.0334,
            74.0152,
            53.0383,
            80.0126,
            65.0383,
            78.0336,
            63.023,
            68.0498,
            91.0179,
            96.0459,
            79.0406,
            107.036,
            68.0123
        ],
        "ms2_inten": [
            1.0,
            0.5991446895152781,
            0.23204774044612855,
            0.16012815380508713,
            0.1405118847058488,
            0.1086041978694737,
            0.10253204627247285,
            0.09473309334313418,
            0.09336995618478525,
            0.09058216273156766,
            0.08623164985025762,
            0.08623164985025762,
            0.08473185457363235,
            0.07844645405527362,
            0.07679476477883045,
            0.06979824404521127,
            0.06602252917735248,
            0.06405126152203486
        ],
        "mono_mass": [
            80.049475612,
            108.044390232,
            136.03930485200001,
            92.049475612,
            75.022926516,
            81.0334912,
            74.015101484,
            53.03857658,
            80.013090104,
            65.03857658,
            78.033825548,
            63.022926516,
            68.049475612,
            91.017841136,
            96.044390232,
            79.04165058,
            107.0365652,
            68.013090104
        ],
        "abs_mass_diff": [
            2.43879999999308e-05,
            0.00019023199999423923,
            0.0004048520000026201,
            0.00017561199999249766,
            0.00012651599999458085,
            9.119999999995798e-05,
            9.851599999421978e-05,
            0.0002765799999977503,
            0.0004901039999936074,
            0.00027657999999064486,
            0.0002255479999888621,
            7.348400000495303e-05,
            0.00032438800000988977,
            5.886399999610603e-05,
            0.0015097680000053515,
            0.0010505799999975807,
            0.0005651999999969348,
            0.0007901040000035664
        ],
        "mass_diff": [
            0.12193999999965398,
            0.9511599999711962,
            2.0242600000131006,
            0.8780599999624883,
            0.6325799999729043,
            0.4559999999997899,
            0.49257999997109897,
            1.3828999999887515,
            2.450519999968037,
            1.3828999999532243,
            1.1277399999443105,
            0.36742000002476516,
            1.6219400000494488,
            0.29431999998053016,
            7.5488400000267575,
            5.252899999987903,
            2.825999999984674,
            3.950520000017832
        ],
        "formula": [
            "C5H5N",
            "C6H5NO",
            "C7H5NO2",
            "C6H5N",
            "C6H2",
            "C5H4O",
            "C6H",
            "C4H4",
            "C4HNO",
            "C5H4",
            "C5H3N",
            "C5H2",
            "C4H5N",
            "C6H2O",
            "C5H5NO",
            "C5H4N",
            "C6H4NO",
            "C3HNO"
        ],
        "ions": [
            "[M+H]+",
            "[M+H]+",
            "[M+H]+",
            "[M+H]+",
            "[M+H]+",
            "[M+H]+",
            "[M+H]+",
            "[M+H]+",
            "[M+H]+",
            "[M+H]+",
            "[M+H]+",
            "[M+H]+",
            "[M+H]+",
            "[M+H]+",
            "[M+H]+",
            "[M+H]+",
            "[M+H]+",
            "[M+H]+"
        ]
    }
}