{
    "cand_form": "C8H15NO4",
    "cand_ion": "[M+H]+",
    "output_tbl": {
        "mz": [
            98.0957,
            126.0938,
            70.0645
        ],
        "ms2_inten": [
            1.0,
            0.5773502691896257,
            0.4815434123430768
        ],
        "mono_mass": [
            98.09642580399999,
            126.091340424,
            70.065125676
        ],
        "abs_mass_diff": [
            0.0007258039999982202,
            0.0024595760000067912,
            0.0006256759999985206
        ],
        "mass_diff": [
            3.629019999991101,
            12.297880000033956,
            3.128379999992603
        ],
        "formula": [
            "C6H11N",
            "C7H11NO",
            "C4H7N"
        ],
        "ions": [
            "[M+H]+",
            "[M+H]+",
            "[M+H]+"
        ]
    }
}