{
    "cand_form": "C6H6N2O2",
    "cand_ion": "[M+H]+",
    "output_tbl": {
        "mz": [
            93.0447,
            121.0395,
            66.0348,
            95.0587
        ],
        "ms2_inten": [
            1.0,
            0.3807886552931954,
            0.3391164991562634,
            0.29154759474226505
        ],
        "mono_mass": [
            93.04472458,
            121.0396392,
            66.033825548,
            95.06037464399999
        ],
        "abs_mass_diff": [
            2.457999998739524e-05,
            0.00013919999999245647,
            0.0009744520000083412,
            0.0016746439999906215
        ],
        "mass_diff": [
            0.12289999993697619,
            0.6959999999622823,
            4.872260000041706,
            8.373219999953108
        ],
        "formula": [
            "C5H4N2",
            "C6H4N2O",
            "C4H3N",
            "C5H6N2"
        ],
        "ions": [
            "[M+H]+",
            "[M+H]+",
            "[M+H]+",
            "[M+H]+"
        ]
    }
}